Project Name,Package Name,Type Name,LCOM1,LCOM2,LCOM3,LCOM4,LCOM5,YALCOM
java,org.apache.commons.cli,CommandLine,2137.0,2063.0,54.0,40.0,0.9734848484848484,0.5522388059701493
java,org.apache.commons.cli,OptionBuilder,210.0,0.0,21.0,18.0,0.7722222222222223,0.1428571428571428
java,org.apache.commons.cli,Option,2326.0,1951.0,18.0,14.0,0.9634703196347032,0.027027027027027
java,org.apache.commons.cli,HelpFormatter,1512.0,1484.0,40.0,12.0,0.993103448275862,0.1785714285714285
java,org.apache.commons.cli.help,OptionFormatter,258.0,165.0,13.0,12.0,0.9602564102564104,0.1111111111111111
